Date,Profit,Exit Time,Spot Change,(1) BN Sell 1 Lot ATM-200 PE,(2) BN Sell 1 Lot ATM+200 CE
3 Oct 2019 (Thu),-500,09:47,-98.60 (28493.20-28394.60),1362.00 (167.1-99 = -68.10) 28300PE,-2027.00 (144.95-246.3 = 101.35) 28700CE
,,,,,
Date,Profit,Exit Time,Spot Change,(1) BN Sell 1 Lot ATM-200 PE,(2) BN Sell 1 Lot ATM+200 CE
4 Oct 2019 (Fri),-500,11:57,-848.95 (28621.75-27772.80),-5193.00 (355-614.65 = 259.65) 28400PE,3994.00 (431.55-231.85 = -199.70) 28800CE
7 Oct 2019 (Mon),-500,09:45,264.85 (27689.00-27953.85),2822.00 (317.05-175.95 = -141.10) 27500PE,-3676.00 (295.05-478.85 = 183.80) 27900CE
9 Oct 2019 (Wed),-500,10:15,602.05 (27958.30-28560.35),-2303.00 (199.65-314.8 = 115.15) 27800PE,1778.00 (170.55-81.65 = -88.90) 28200CE
10 Oct 2019 (Thu),-500,11:19,-383.60 (28396.40-28012.80),-2144.00 (83.4-190.6 = 107.20) 28200PE,1594.00 (96.75-17.05 = -79.70) 28600CE
,,,,,
Date,Profit,Exit Time,Spot Change,(1) BN Sell 1 Lot ATM-200 PE,(2) BN Sell 1 Lot ATM+200 CE
11 Oct 2019 (Fri),-500,09:36,-355.55 (28485.00-28129.45),770.00 (327.05-288.55 = -38.50) 28300PE,-1318.00 (373.7-439.6 = 65.90) 28700CE
14 Oct 2019 (Mon),1152,14:30,410.00 (28115.85-28525.85),3910.00 (352.85-157.35 = -195.50) 27900PE,-2758.00 (381-518.9 = 137.90) 28300CE
15 Oct 2019 (Tue),-500,14:20,425.30 (28237.35-28662.65),2964.00 (241.4-93.2 = -148.20) 28000PE,-3776.00 (287.2-476 = 188.80) 28400CE
16 Oct 2019 (Wed),-500,13:18,-202.00 (28674.20-28472.20),-3188.00 (178-337.4 = 159.40) 28500PE,2283.00 (159.55-45.4 = -114.15) 28900CE
17 Oct 2019 (Thu),-500,13:33,410.10 (28597.90-29008.00),1345.00 (69.85-2.6 = -67.25) 28400PE,-1845.00 (63.3-155.55 = 92.25) 28800CE
,,,,,
Date,Profit,Exit Time,Spot Change,(1) BN Sell 1 Lot ATM-200 PE,(2) BN Sell 1 Lot ATM+200 CE
18 Oct 2019 (Fri),-500,09:36,81.65 (29045.05-29126.70),726.00 (275-238.7 = -36.30) 28800PE,-1242.00 (308.5-370.6 = 62.10) 29200CE
22 Oct 2019 (Tue),1601,14:30,83.90 (29410.65-29494.55),1499.00 (235.95-161 = -74.95) 29200PE,102.00 (237.55-232.45 = -5.10) 29600CE
23 Oct 2019 (Wed),-500,11:28,220.75 (29349.10-29569.85),2581.00 (184.1-55.05 = -129.05) 29100PE,-3092.00 (138.65-293.25 = 154.60) 29500CE
24 Oct 2019 (Thu),-500,10:00,-525.40 (29589.00-29063.60),-1978.00 (57.05-155.95 = 98.90) 29400PE,802.00 (76.2-36.1 = -40.10) 29800CE
,,,,,
Date,Profit,Exit Time,Spot Change,(1) BN Sell 1 Lot ATM-200 PE,(2) BN Sell 1 Lot ATM+200 CE
25 Oct 2019 (Fri),2302,14:30,93.80 (29160.80-29254.60),1776.00 (273.65-184.85 = -88.80) 29000PE,526.00 (255.9-229.6 = -26.30) 29400CE
29 Oct 2019 (Tue),-500,10:21,483.95 (29460.25-29944.20),755.00 (168.85-131.1 = -37.75) 29300PE,-1288.00 (143.3-207.7 = 64.40) 29700CE
30 Oct 2019 (Wed),-500,09:34,55.25 (29952.75-30008.00),-1623.00 (141.25-222.4 = 81.15) 29800PE,909.00 (126.9-81.45 = -45.45) 30200CE
31 Oct 2019 (Thu),1890,14:30,112.55 (30237.80-30350.35),1184.00 (60.7-1.5 = -59.20) 30000PE,706.00 (67.25-31.95 = -35.30) 30400CE
,,,,,
Date,Profit,Exit Time,Spot Change,(1) BN Sell 1 Lot ATM-200 PE,(2) BN Sell 1 Lot ATM+200 CE
1 Nov 2019 (Fri),1109,14:30,24.90 (30197.95-30222.85),690.00 (284.35-249.85 = -34.50) 30000PE,419.00 (225.9-204.95 = -20.95) 30400CE
4 Nov 2019 (Mon),-500,11:44,-145.55 (30562.85-30417.30),-2086.00 (218.7-323 = 104.30) 30400PE,1134.00 (161.7-105 = -56.70) 30800CE
5 Nov 2019 (Tue),1343,14:30,-131.00 (30312.55-30181.55),16.00 (181-180.2 = -0.80) 30100PE,1327.00 (164.75-98.4 = -66.35) 30500CE
6 Nov 2019 (Wed),-500,11:39,529.10 (30105.30-30634.40),1390.00 (115.45-45.95 = -69.50) 29900PE,-2065.00 (102.45-205.7 = 103.25) 30300CE
7 Nov 2019 (Thu),-500,09:56,-32.25 (30736.60-30704.35),-1096.00 (41.7-96.5 = 54.80) 30500PE,510.00 (49.7-24.2 = -25.50) 30900CE
,,,,,
Date,Profit,Exit Time,Spot Change,(1) BN Sell 1 Lot ATM-200 PE,(2) BN Sell 1 Lot ATM+200 CE
8 Nov 2019 (Fri),-500,12:12,229.80 (30664.00-30893.80),2516.00 (294.75-168.95 = -125.80) 30500PE,-3355.00 (181.7-349.45 = 167.75) 30900CE
11 Nov 2019 (Mon),1903,14:30,102.55 (30871.20-30973.75),1658.00 (253.95-171.05 = -82.90) 30700PE,245.00 (153.35-141.1 = -12.25) 31100CE
13 Nov 2019 (Wed),-500,09:49,-353.85 (31125.95-30772.10),-998.00 (139.95-189.85 = 49.90) 30900PE,489.00 (121.15-96.7 = -24.45) 31300CE
14 Nov 2019 (Thu),-500,09:42,130.75 (30459.15-30589.90),-930.00 (70.9-117.4 = 46.50) 30300PE,311.00 (34.9-19.35 = -15.55) 30700CE
,,,,,
Date,Profit,Exit Time,Spot Change,(1) BN Sell 1 Lot ATM-200 PE,(2) BN Sell 1 Lot ATM+200 CE
15 Nov 2019 (Fri),-500,10:16,110.65 (31014.05-31124.70),875.00 (243.75-200 = -43.75) 30800PE,-1411.00 (215.05-285.6 = 70.55) 31200CE
18 Nov 2019 (Mon),972,14:30,-105.15 (31093.55-30988.40),83.00 (217.55-213.4 = -4.15) 30900PE,889.00 (177.15-132.7 = -44.45) 31300CE
19 Nov 2019 (Tue),1181,14:30,169.75 (31062.05-31231.80),1953.00 (198.25-100.6 = -97.65) 30900PE,-772.00 (134.65-173.25 = 38.60) 31300CE
20 Nov 2019 (Wed),1413,14:30,44.80 (31236.95-31281.75),889.00 (116.4-71.95 = -44.45) 31000PE,524.00 (110.9-84.7 = -26.20) 31400CE
21 Nov 2019 (Thu),1387,14:30,87.80 (31317.85-31405.65),912.00 (48-2.4 = -45.60) 31100PE,475.00 (41.2-17.45 = -23.75) 31500CE
,,,,,
Date,Profit,Exit Time,Spot Change,(1) BN Sell 1 Lot ATM-200 PE,(2) BN Sell 1 Lot ATM+200 CE
22 Nov 2019 (Fri),745,14:30,-155.35 (31303.95-31148.60),-612.00 (196.3-226.9 = 30.60) 31100PE,1357.00 (177.1-109.25 = -67.85) 31500CE
25 Nov 2019 (Mon),-500,13:35,361.90 (31176.75-31538.65),1798.00 (147.1-57.2 = -89.90) 31000PE,-2485.00 (115.7-239.95 = 124.25) 31400CE
26 Nov 2019 (Tue),634,14:30,-74.40 (31734.85-31660.45),-393.00 (107.45-127.1 = 19.65) 31500PE,1027.00 (116.55-65.2 = -51.35) 31900CE
27 Nov 2019 (Wed),988,14:30,6.85 (31842.45-31849.30),719.00 (83.65-47.7 = -35.95) 31600PE,269.00 (79-65.55 = -13.45) 32000CE
28 Nov 2019 (Thu),-500,11:46,106.35 (31943.20-32049.55),442.00 (27.75-5.65 = -22.10) 31700PE,-997.00 (27.95-77.8 = 49.85) 32100CE
,,,,,
Date,Profit,Exit Time,Spot Change,(1) BN Sell 1 Lot ATM-200 PE,(2) BN Sell 1 Lot ATM+200 CE
29 Nov 2019 (Fri),383,14:30,-188.60 (32013.65-31825.05),-894.00 (186.85-231.55 = 44.70) 31800PE,1277.00 (165.95-102.1 = -63.85) 32200CE
2 Dec 2019 (Mon),856,14:30,-68.85 (31890.90-31822.05),344.00 (165.95-148.75 = -17.20) 31700PE,512.00 (128.45-102.85 = -25.60) 32100CE
3 Dec 2019 (Tue),-500,12:08,-272.85 (31795.65-31522.80),-1752.00 (110.85-198.45 = 87.60) 31600PE,1215.00 (113.75-53 = -60.75) 32000CE
4 Dec 2019 (Wed),-500,09:44,194.65 (31483.45-31678.10),809.00 (90.05-49.6 = -40.45) 31300PE,-1548.00 (70.05-147.45 = 77.40) 31700CE
5 Dec 2019 (Thu),-500,11:46,-230.90 (32078.85-31847.95),-1940.00 (60-157 = 97.00) 31900PE,502.00 (35.05-9.95 = -25.10) 32300CE
,,,,,
Date,Profit,Exit Time,Spot Change,(1) BN Sell 1 Lot ATM-200 PE,(2) BN Sell 1 Lot ATM+200 CE
6 Dec 2019 (Fri),-500,11:30,-503.85 (31815.20-31311.35),-1406.00 (177.1-247.4 = 70.30) 31600PE,902.00 (167.35-122.25 = -45.10) 32000CE
9 Dec 2019 (Mon),-500,09:41,136.10 (31166.50-31302.60),1020.00 (153-102 = -51.00) 31000PE,-1969.00 (154.1-252.55 = 98.45) 31400CE
10 Dec 2019 (Tue),945,14:30,-89.45 (31313.40-31223.95),91.00 (126.6-122.05 = -4.55) 31100PE,854.00 (132.7-90 = -42.70) 31500CE
11 Dec 2019 (Wed),920,14:30,-141.85 (31185.10-31043.25),-277.00 (92.35-106.2 = 13.85) 31000PE,1197.00 (91.95-32.1 = -59.85) 31400CE
12 Dec 2019 (Thu),802,14:30,180.50 (31391.75-31572.25),628.00 (32.25-0.85 = -31.40) 31200PE,174.00 (28.4-19.7 = -8.70) 31600CE
,,,,,
Date,Profit,Exit Time,Spot Change,(1) BN Sell 1 Lot ATM-200 PE,(2) BN Sell 1 Lot ATM+200 CE
13 Dec 2019 (Fri),-500,12:14,173.25 (31841.40-32014.65),477.00 (130.4-106.55 = -23.85) 31600PE,-988.00 (189.75-239.15 = 49.40) 32000CE
16 Dec 2019 (Mon),861,14:30,-74.60 (32075.95-32001.35),152.00 (166.45-158.85 = -7.60) 31900PE,709.00 (136.5-101.05 = -35.45) 32300CE
17 Dec 2019 (Tue),572,14:30,35.95 (32103.10-32139.05),595.00 (101.35-71.6 = -29.75) 31900PE,-23.00 (107.3-108.45 = 1.15) 32300CE
18 Dec 2019 (Wed),925,14:30,28.70 (32161.20-32189.90),712.00 (86.9-51.3 = -35.60) 32000PE,213.00 (58.7-48.05 = -10.65) 32400CE
19 Dec 2019 (Thu),796,14:30,85.80 (32173.45-32259.25),612.00 (32.35-1.75 = -30.60) 32000PE,184.00 (14.5-5.3 = -9.20) 32400CE
,,,,,
Date,Profit,Exit Time,Spot Change,(1) BN Sell 1 Lot ATM-200 PE,(2) BN Sell 1 Lot ATM+200 CE
20 Dec 2019 (Fri),880,14:30,82.55 (32351.05-32433.60),969.00 (179.85-131.4 = -48.45) 32200PE,-89.00 (114.05-118.5 = 4.45) 32600CE
23 Dec 2019 (Mon),478,14:30,-147.95 (32390.70-32242.75),-311.00 (114.4-129.95 = 15.55) 32200PE,789.00 (77.75-38.3 = -39.45) 32600CE
24 Dec 2019 (Tue),613,14:30,-44.65 (32373.85-32329.20),300.00 (59.25-44.25 = -15.00) 32200PE,313.00 (37.7-22.05 = -15.65) 32600CE
26 Dec 2019 (Thu),-122,14:30,-224.15 (32249.70-32025.55),-426.00 (7.75-29.05 = 21.30) 32000PE,304.00 (15.95-0.75 = -15.20) 32400CE
,,,,,
Date,Profit,Exit Time,Spot Change,(1) BN Sell 1 Lot ATM-200 PE,(2) BN Sell 1 Lot ATM+200 CE
27 Dec 2019 (Fri),-500,10:41,185.35 (32166.85-32352.20),890.00 (116.6-72.1 = -44.50) 32000PE,-1453.00 (102.35-175 = 72.65) 32400CE
30 Dec 2019 (Mon),-500,12:19,-172.65 (32534.70-32362.05),-1541.00 (77.65-154.7 = 77.05) 32300PE,970.00 (101.45-52.95 = -48.50) 32700CE
31 Dec 2019 (Tue),193,14:30,-62.85 (32268.75-32205.90),62.00 (79.9-76.8 = -3.10) 32100PE,131.00 (72.55-66 = -6.55) 32500CE
1 Jan 2020 (Wed),-70,14:30,-248.80 (32336.65-32087.85),-1053.00 (32.3-84.95 = 52.65) 32100PE,983.00 (63.45-14.3 = -49.15) 32500CE
2 Jan 2020 (Thu),365,14:30,147.35 (32231.95-32379.30),243.00 (12.6-0.45 = -12.15) 32000PE,122.00 (21.65-15.55 = -6.10) 32400CE
,,,,,
Date,Profit,Exit Time,Spot Change,(1) BN Sell 1 Lot ATM-200 PE,(2) BN Sell 1 Lot ATM+200 CE
3 Jan 2020 (Fri),-500,09:46,-247.50 (32274.35-32026.85),-1177.00 (154.85-213.7 = 58.85) 32100PE,502.00 (134-108.9 = -25.10) 32500CE
6 Jan 2020 (Mon),-500,09:31,-338.55 (31583.25-31244.70),-1000.00 (222.1-272.1 = 50.00) 31400PE,395.00 (196.4-176.65 = -19.75) 31800CE
7 Jan 2020 (Tue),-500,10:57,-438.60 (31770.60-31332.00),-2326.00 (126.5-242.8 = 116.30) 31600PE,1202.00 (110.05-49.95 = -60.10) 32000CE
8 Jan 2020 (Wed),-500,09:45,182.10 (31067.15-31249.25),2025.00 (204.45-103.2 = -101.25) 30900PE,-3045.00 (124.8-277.05 = 152.25) 31300CE
9 Jan 2020 (Thu),-500,12:16,288.05 (31812.00-32100.05),695.00 (38.15-3.4 = -34.75) 31600PE,-1222.00 (35.45-96.55 = 61.10) 32000CE
,,,,,
Date,Profit,Exit Time,Spot Change,(1) BN Sell 1 Lot ATM-200 PE,(2) BN Sell 1 Lot ATM+200 CE
10 Jan 2020 (Fri),542,14:30,-134.70 (32143.45-32008.75),-985.00 (198.4-247.65 = 49.25) 31900PE,1527.00 (223.3-146.95 = -76.35) 32300CE
13 Jan 2020 (Mon),499,14:30,-121.40 (32277.05-32155.65),-410.00 (177.5-198 = 20.50) 32100PE,909.00 (159.8-114.35 = -45.45) 32500CE
14 Jan 2020 (Tue),1203,14:30,-17.20 (32075.45-32058.25),873.00 (150.9-107.25 = -43.65) 31900PE,330.00 (129.75-113.25 = -16.50) 32300CE
15 Jan 2020 (Wed),949,14:30,-34.95 (31835.20-31800.25),248.00 (60.3-47.9 = -12.40) 31600PE,701.00 (103.5-68.45 = -35.05) 32000CE
16 Jan 2020 (Thu),-500,11:01,-19.65 (31907.50-31887.85),-1050.00 (14.5-67 = 52.50) 31700PE,407.00 (24-3.65 = -20.35) 32100CE
,,,,,
Date,Profit,Exit Time,Spot Change,(1) BN Sell 1 Lot ATM-200 PE,(2) BN Sell 1 Lot ATM+200 CE
17 Jan 2020 (Fri),751,14:30,23.40 (31568.95-31592.35),811.00 (189.55-149 = -40.55) 31400PE,-60.00 (202.25-205.25 = 3.00) 31800CE
20 Jan 2020 (Mon),-500,10:35,-541.60 (31625.10-31083.50),-1990.00 (139-238.5 = 99.50) 31400PE,1452.00 (177.2-104.6 = -72.60) 31800CE
21 Jan 2020 (Tue),1337,14:30,-109.50 (31038.70-30929.20),115.00 (130.75-125 = -5.75) 30800PE,1222.00 (169.1-108 = -61.10) 31200CE
22 Jan 2020 (Wed),-500,14:08,-363.00 (31011.10-30648.10),-2628.00 (68.25-199.65 = 131.40) 30800PE,1973.00 (119.25-20.6 = -98.65) 31200CE
23 Jan 2020 (Thu),1082,14:30,148.50 (30873.60-31022.10),942.00 (48.05-0.95 = -47.10) 30700PE,140.00 (15.75-8.75 = -7.00) 31100CE
,,,,,
Date,Profit,Exit Time,Spot Change,(1) BN Sell 1 Lot ATM-200 PE,(2) BN Sell 1 Lot ATM+200 CE
24 Jan 2020 (Fri),-500,09:58,328.35 (30999.45-31327.80),903.00 (175.5-130.35 = -45.15) 30800PE,-1443.00 (196.9-269.05 = 72.15) 31200CE
27 Jan 2020 (Mon),-500,10:05,-70.75 (31024.10-30953.35),885.00 (160.25-116 = -44.25) 30800PE,-1417.00 (164.15-235 = 70.85) 31200CE
28 Jan 2020 (Tue),1152,14:30,-75.85 (30931.40-30855.55),48.00 (133.55-131.15 = -2.40) 30700PE,1104.00 (159.85-104.65 = -55.20) 31100CE
29 Jan 2020 (Wed),900,14:30,53.35 (30922.85-30976.20),860.00 (77.4-34.4 = -43.00) 30700PE,40.00 (104.95-102.95 = -2.00) 31100CE
30 Jan 2020 (Thu),626,14:30,-156.10 (30711.80-30555.70),-92.00 (21.05-25.65 = 4.60) 30500PE,718.00 (36.85-0.95 = -35.90) 30900CE
,,,,,
Date,Profit,Exit Time,Spot Change,(1) BN Sell 1 Lot ATM-200 PE,(2) BN Sell 1 Lot ATM+200 CE
31 Jan 2020 (Fri),-500,09:50,30.65 (30955.25-30985.90),-1252.00 (398.95-461.55 = 62.60) 30800PE,724.00 (406.2-370 = -36.20) 31200CE
1 Feb 2020 (Sat),-500,10:12,-376.05 (30679.25-30303.20),979.00 (414.15-365.2 = -48.95) 30500PE,-1511.00 (407.65-483.2 = 75.55) 30900CE
3 Feb 2020 (Mon),2513,14:30,115.00 (29864.55-29979.55),1988.00 (254.95-155.55 = -99.40) 29700PE,525.00 (199.85-173.6 = -26.25) 30100CE
4 Feb 2020 (Tue),-500,10:57,389.75 (30299.90-30689.65),1675.00 (126.9-43.15 = -83.75) 30100PE,-2814.00 (97.3-238 = 140.70) 30500CE
5 Feb 2020 (Wed),-500,14:29,240.65 (30790.00-31030.65),1245.00 (84.75-22.5 = -62.25) 30600PE,-1858.00 (72-164.9 = 92.90) 31000CE
6 Feb 2020 (Thu),-500,12:35,304.70 (31040.75-31345.45),726.00 (38.25-1.95 = -36.30) 30800PE,-1257.00 (65.4-128.25 = 62.85) 31200CE
,,,,,
Date,Profit,Exit Time,Spot Change,(1) BN Sell 1 Lot ATM-200 PE,(2) BN Sell 1 Lot ATM+200 CE
7 Feb 2020 (Fri),1122,14:30,8.40 (31177.25-31185.65),998.00 (224.9-175 = -49.90) 31000PE,124.00 (173.55-167.35 = -6.20) 31400CE
10 Feb 2020 (Mon),616,14:30,-107.85 (31085.00-30977.15),42.00 (166.7-164.6 = -2.10) 30900PE,574.00 (120.2-91.5 = -28.70) 31300CE
11 Feb 2020 (Tue),673,14:30,-62.70 (31408.10-31345.40),191.00 (106.9-97.35 = -9.55) 31200PE,482.00 (91.6-67.5 = -24.10) 31600CE
12 Feb 2020 (Wed),793,14:30,-13.10 (31532.00-31518.90),475.00 (53.1-29.35 = -23.75) 31300PE,318.00 (62.55-46.65 = -15.90) 31700CE
13 Feb 2020 (Thu),328,14:30,-194.40 (31419.00-31224.60),-110.00 (13.2-18.7 = 5.50) 31200PE,438.00 (22.3-0.4 = -21.90) 31600CE
,,,,,
Date,Profit,Exit Time,Spot Change,(1) BN Sell 1 Lot ATM-200 PE,(2) BN Sell 1 Lot ATM+200 CE
14 Feb 2020 (Fri),-500,10:51,-511.05 (31377.15-30866.10),-2660.00 (141.85-274.85 = 133.00) 31200PE,1403.00 (150.3-80.15 = -70.15) 31600CE
17 Feb 2020 (Mon),-500,09:39,-21.40 (30715.75-30694.35),1270.00 (162.95-99.45 = -63.50) 30500PE,-2084.00 (159.3-263.5 = 104.20) 30900CE
18 Feb 2020 (Tue),595,14:30,-96.25 (30500.30-30404.05),-433.00 (103.35-125 = 21.65) 30300PE,1028.00 (116.95-65.55 = -51.40) 30700CE
19 Feb 2020 (Wed),-500,09:33,-98.20 (30882.95-30784.75),-1320.00 (59.3-125.3 = 66.00) 30700PE,456.00 (65.35-42.55 = -22.80) 31100CE
20 Feb 2020 (Thu),827,14:30,121.40 (30913.65-31035.05),508.00 (25.95-0.55 = -25.40) 30700PE,319.00 (21.9-5.95 = -15.95) 31100CE
,,,,,
Date,Profit,Exit Time,Spot Change,(1) BN Sell 1 Lot ATM-200 PE,(2) BN Sell 1 Lot ATM+200 CE
24 Feb 2020 (Mon),249,14:30,7.85 (30527.20-30535.05),65.00 (153.25-150 = -3.25) 30300PE,184.00 (147.75-138.55 = -9.20) 30700CE
25 Feb 2020 (Tue),1210,14:30,-73.45 (30477.40-30403.95),160.00 (155.3-147.3 = -8.00) 30300PE,1050.00 (146.2-93.7 = -52.50) 30700CE
26 Feb 2020 (Wed),-500,13:46,-20.00 (30308.75-30288.75),1076.00 (92-38.2 = -53.80) 30100PE,-1582.00 (91.8-170.9 = 79.10) 30500CE
27 Feb 2020 (Thu),1228,14:30,-78.25 (30145.15-30066.90),319.00 (21.05-5.1 = -15.95) 29900PE,909.00 (46.8-1.35 = -45.45) 30300CE
,,,,,
Date,Profit,Exit Time,Spot Change,(1) BN Sell 1 Lot ATM-200 PE,(2) BN Sell 1 Lot ATM+200 CE
28 Feb 2020 (Fri),-500,12:17,-155.90 (29460.95-29305.05),-3598.00 (330-509.9 = 179.90) 29300PE,2822.00 (336.6-195.5 = -141.10) 29700CE
2 Mar 2020 (Mon),1566,14:30,49.80 (29409.05-29458.85),1076.00 (273.8-220 = -53.80) 29200PE,490.00 (266.95-242.45 = -24.50) 29600CE
3 Mar 2020 (Tue),-500,09:35,-107.70 (29221.85-29114.15),-1784.00 (192.05-281.25 = 89.20) 29000PE,1030.00 (229.3-177.8 = -51.50) 29400CE
4 Mar 2020 (Wed),-500,12:57,-650.25 (29020.40-28370.15),-3954.00 (183.3-381 = 197.70) 28800PE,3049.00 (192.25-39.8 = -152.45) 29200CE
5 Mar 2020 (Thu),-500,10:49,174.15 (28658.10-28832.25),1138.00 (80.2-23.3 = -56.90) 28500PE,-2081.00 (55.65-159.7 = 104.05) 28900CE
,,,,,
Date,Profit,Exit Time,Spot Change,(1) BN Sell 1 Lot ATM-200 PE,(2) BN Sell 1 Lot ATM+200 CE
6 Mar 2020 (Fri),2909,14:30,167.75 (27612.85-27780.60),2378.00 (465.25-346.35 = -118.90) 27400PE,531.00 (486.55-460 = -26.55) 27800CE
9 Mar 2020 (Mon),-500,12:46,-630.75 (26910.30-26279.55),-3479.00 (337-510.95 = 173.95) 26700PE,2899.00 (384.85-239.9 = -144.95) 27100CE
11 Mar 2020 (Wed),-500,09:40,-125.35 (26759.00-26633.65),-2001.00 (338.95-439 = 100.05) 26600PE,1480.00 (270.1-196.1 = -74.00) 27000CE
12 Mar 2020 (Thu),-500,10:47,-923.90 (25080.25-24156.35),-3460.00 (152.85-325.85 = 173.00) 24900PE,2937.00 (182.8-35.95 = -146.85) 25300CE
,,,,,
Date,Profit,Exit Time,Spot Change,(1) BN Sell 1 Lot ATM-200 PE,(2) BN Sell 1 Lot ATM+200 CE
16 Mar 2020 (Mon),-500,09:33,-203.10 (23568.75-23365.65),24.00 (951.8-950.6 = -1.20) 23400PE,-725.00 (775.75-812 = 36.25) 23800CE
17 Mar 2020 (Tue),-500,09:36,10.80 (22671.65-22682.45),3600.00 (979-799 = -180.00) 22500PE,-4205.00 (900-1110.25 = 210.25) 22900CE
18 Mar 2020 (Wed),-500,11:03,-1353.10 (22011.40-20658.30),-6580.00 (614.65-943.65 = 329.00) 21800PE,5623.00 (465.35-184.2 = -281.15) 22200CE
19 Mar 2020 (Thu),-500,09:31,1576.60 (19101.45-20678.05),-7178.00 (141.1-500 = 358.90) 18900PE,1200.00 (420-360 = -60.00) 19300CE
,,,,,
Date,Profit,Exit Time,Spot Change,(1) BN Sell 1 Lot ATM-200 PE,(2) BN Sell 1 Lot ATM+200 CE
20 Mar 2020 (Fri),-500,09:32,630.35 (19614.05-20244.40),-2783.00 (1097.65-1236.8 = 139.15) 19400PE,2246.00 (1134.3-1022 = -112.30) 19800CE
23 Mar 2020 (Mon),-500,09:46,-1430.70 (18565.75-17135.05),-5097.00 (1028.95-1283.8 = 254.85) 18400PE,4448.00 (897.4-675 = -222.40) 18800CE
24 Mar 2020 (Tue),-500,09:35,393.35 (17166.80-17560.15),-6056.00 (1047.15-1349.95 = 302.80) 17000PE,5173.00 (1012.3-753.65 = -258.65) 17400CE
25 Mar 2020 (Wed),-500,13:04,1476.80 (16970.00-18446.80),13448.00 (904.35-231.95 = -672.40) 16800PE,-14206.00 (789.65-1499.95 = 710.30) 17200CE
26 Mar 2020 (Thu),-500,10:18,401.70 (18950.45-19352.15),7585.00 (485.2-105.95 = -379.25) 18800PE,-8585.00 (366.65-795.9 = 429.25) 19200CE
,,,,,
Date,Profit,Exit Time,Spot Change,(1) BN Sell 1 Lot ATM-200 PE,(2) BN Sell 1 Lot ATM+200 CE
27 Mar 2020 (Fri),-500,09:32,-461.10 (21040.10-20579.00),1723.00 (1309-1222.85 = -86.15) 20800PE,-2566.00 (1026.8-1155.1 = 128.30) 21200CE
30 Mar 2020 (Mon),-500,09:33,-153.70 (19181.80-19028.10),1348.00 (1034.6-967.2 = -67.40) 19000PE,-1922.00 (899.15-995.25 = 96.10) 19400CE
31 Mar 2020 (Tue),5635,14:30,345.65 (18942.25-19287.90),6011.00 (488.9-188.35 = -300.55) 18700PE,-376.00 (461.15-479.95 = 18.80) 19100CE
1 Apr 2020 (Wed),-500,09:41,-677.15 (18803.20-18126.05),-1937.00 (168.8-265.65 = 96.85) 18600PE,1122.00 (116.15-60.05 = -56.10) 19000CE
,,,,,
Date,Profit,Exit Time,Spot Change,(1) BN Sell 1 Lot ATM-200 PE,(2) BN Sell 1 Lot ATM+200 CE
3 Apr 2020 (Fri),5602,14:30,-355.85 (17627.15-17271.30),508.00 (682.85-657.45 = -25.40) 17400PE,5094.00 (525-270.3 = -254.70) 17800CE
7 Apr 2020 (Tue),-500,10:22,785.75 (18112.75-18898.50),-803.00 (372-412.15 = 40.15) 17900PE,262.00 (276.65-263.55 = -13.10) 18300CE
8 Apr 2020 (Wed),-500,09:31,137.35 (18728.80-18866.15),1173.00 (361.3-302.65 = -58.65) 18500PE,-1860.00 (345.3-438.3 = 93.00) 18900CE
9 Apr 2020 (Thu),9151,14:30,-0.35 (19602.55-19602.20),4762.00 (264.55-26.45 = -238.10) 19400PE,4389.00 (230.65-11.2 = -219.45) 19800CE
,,,,,
Date,Profit,Exit Time,Spot Change,(1) BN Sell 1 Lot ATM-200 PE,(2) BN Sell 1 Lot ATM+200 CE
13 Apr 2020 (Mon),2685,14:30,-140.55 (19556.80-19416.25),1158.00 (638.05-580.15 = -57.90) 19400PE,1527.00 (457.6-381.25 = -76.35) 19800CE
15 Apr 2020 (Wed),-500,10:04,-738.90 (19780.00-19041.10),2582.00 (364.65-235.55 = -129.10) 19600PE,-3170.00 (350-508.5 = 158.50) 20000CE
16 Apr 2020 (Thu),-500,09:40,640.65 (18752.10-19392.75),1952.00 (200-102.4 = -97.60) 18600PE,-2837.00 (107.65-249.5 = 141.85) 19000CE
,,,,,
Date,Profit,Exit Time,Spot Change,(1) BN Sell 1 Lot ATM-200 PE,(2) BN Sell 1 Lot ATM+200 CE
17 Apr 2020 (Fri),-500,10:13,-240.60 (20329.00-20088.40),-3088.00 (605.75-760.15 = 154.40) 20100PE,2491.00 (640.05-515.5 = -124.55) 20500CE
20 Apr 2020 (Mon),-500,09:45,-78.05 (21028.70-20950.65),-3080.00 (507.3-661.3 = 154.00) 20800PE,2460.00 (455-332 = -123.00) 21200CE
21 Apr 2020 (Tue),-500,12:33,-194.75 (19653.80-19459.05),-3407.00 (429.9-600.25 = 170.35) 19500PE,2803.00 (366.4-226.25 = -140.15) 19900CE
22 Apr 2020 (Wed),-500,10:37,383.00 (19180.80-19563.80),1787.00 (328.4-239.05 = -89.35) 19000PE,-2294.00 (254.65-369.35 = 114.70) 19400CE
23 Apr 2020 (Thu),-500,12:40,373.80 (19813.25-20187.05),2311.00 (118.65-3.1 = -115.55) 19600PE,-2842.00 (99-241.1 = 142.10) 20000CE
,,,,,
Date,Profit,Exit Time,Spot Change,(1) BN Sell 1 Lot ATM-200 PE,(2) BN Sell 1 Lot ATM+200 CE
24 Apr 2020 (Fri),-500,09:49,-12.35 (19604.95-19592.60),1359.00 (537.95-470 = -67.95) 19400PE,-1912.00 (436.05-531.65 = 95.60) 19800CE
27 Apr 2020 (Mon),1209,14:30,66.35 (19983.35-20049.70),1439.00 (384.75-312.8 = -71.95) 19800PE,-230.00 (352.95-364.45 = 11.50) 20200CE
28 Apr 2020 (Tue),-500,09:55,93.85 (20528.80-20622.65),-1815.00 (281.2-371.95 = 90.75) 20300PE,1291.00 (252.1-187.55 = -64.55) 20700CE
29 Apr 2020 (Wed),730,14:30,309.50 (20655.10-20964.60),2531.00 (197.05-70.5 = -126.55) 20500PE,-1801.00 (154.25-244.3 = 90.05) 20900CE
30 Apr 2020 (Thu),-500,13:07,-257.05 (21790.65-21533.60),-2076.00 (113.3-217.1 = 103.80) 21600PE,1424.00 (83.2-12 = -71.20) 22000CE
,,,,,
Date,Profit,Exit Time,Spot Change,(1) BN Sell 1 Lot ATM-200 PE,(2) BN Sell 1 Lot ATM+200 CE
4 May 2020 (Mon),-500,09:38,-505.60 (20258.35-19752.75),-1327.00 (568.9-635.25 = 66.35) 20100PE,764.00 (421.25-383.05 = -38.20) 20500CE
5 May 2020 (Tue),725,14:30,-459.40 (20014.30-19554.90),-3442.00 (472.5-644.6 = 172.10) 19800PE,4167.00 (399.1-190.75 = -208.35) 20200CE
6 May 2020 (Wed),-500,09:56,457.35 (19059.65-19517.00),2537.00 (321.25-194.4 = -126.85) 18900PE,-3678.00 (224.55-408.45 = 183.90) 19300CE
7 May 2020 (Thu),4411,14:30,-37.60 (19528.10-19490.50),2120.00 (119.35-13.35 = -106.00) 19300PE,2291.00 (122.15-7.6 = -114.55) 19700CE
,,,,,
Date,Profit,Exit Time,Spot Change,(1) BN Sell 1 Lot ATM-200 PE,(2) BN Sell 1 Lot ATM+200 CE
8 May 2020 (Fri),-500,13:55,-313.30 (19855.15-19541.85),-4031.00 (463-664.55 = 201.55) 19700PE,3426.00 (424.9-253.6 = -171.30) 20100CE
11 May 2020 (Mon),-500,10:12,-419.40 (19510.85-19091.45),-910.00 (328-373.5 = 45.50) 19300PE,340.00 (349.9-332.9 = -17.00) 19700CE
12 May 2020 (Tue),-500,09:53,144.70 (18576.70-18721.40),-1830.00 (300.15-391.65 = 91.50) 18400PE,1253.00 (250-187.35 = -62.65) 18800CE
13 May 2020 (Wed),2015,14:30,-69.80 (19782.80-19713.00),496.00 (330.35-305.55 = -24.80) 19600PE,1519.00 (334-258.05 = -75.95) 20000CE
14 May 2020 (Thu),1666,14:30,-230.50 (19306.45-19075.95),342.00 (82.85-65.75 = -17.10) 19100PE,1324.00 (67.25-1.05 = -66.20) 19500CE
,,,,,
Date,Profit,Exit Time,Spot Change,(1) BN Sell 1 Lot ATM-200 PE,(2) BN Sell 1 Lot ATM+200 CE
15 May 2020 (Fri),-500,10:39,-37.55 (18934.95-18897.40),-2208.00 (423.25-533.65 = 110.40) 18700PE,1700.00 (430-345 = -85.00) 19100CE
18 May 2020 (Mon),-500,09:36,-642.40 (18384.80-17742.40),-3485.00 (345.95-520.2 = 174.25) 18200PE,1248.00 (338.55-276.15 = -62.40) 18600CE
19 May 2020 (Tue),2604,14:30,-126.00 (17703.00-17577.00),497.00 (379.85-355 = -24.85) 17500PE,2107.00 (326-220.65 = -105.35) 17900CE
20 May 2020 (Wed),439,14:30,296.45 (17582.45-17878.90),2529.00 (209.4-82.95 = -126.45) 17400PE,-2090.00 (191.75-296.25 = 104.50) 17800CE
21 May 2020 (Thu),-500,10:27,-261.75 (18044.40-17782.65),483.00 (34.1-9.95 = -24.15) 17800PE,-986.00 (48.5-97.8 = 49.30) 18200CE
,,,,,
Date,Profit,Exit Time,Spot Change,(1) BN Sell 1 Lot ATM-200 PE,(2) BN Sell 1 Lot ATM+200 CE
22 May 2020 (Fri),-500,09:38,-536.00 (17762.15-17226.15),-201.00 (414.25-424.3 = 10.05) 17600PE,-316.00 (331.95-347.75 = 15.80) 18000CE
26 May 2020 (Tue),1386,14:30,-103.25 (17536.60-17433.35),167.00 (226.75-218.4 = -8.35) 17300PE,1219.00 (223.35-162.4 = -60.95) 17700CE
27 May 2020 (Wed),-500,10:30,892.50 (17641.05-18533.55),732.00 (144.75-108.15 = -36.60) 17400PE,-1337.00 (123.6-190.45 = 66.85) 17800CE
28 May 2020 (Thu),-500,09:42,16.45 (19083.75-19100.20),803.00 (83.6-43.45 = -40.15) 18900PE,-1560.00 (62.2-140.2 = 78.00) 19300CE
,,,,,
Date,Profit,Exit Time,Spot Change,(1) BN Sell 1 Lot ATM-200 PE,(2) BN Sell 1 Lot ATM+200 CE
29 May 2020 (Fri),-500,10:38,329.40 (18817.20-19146.60),2048.00 (390.75-288.35 = -102.40) 18600PE,-2928.00 (351.15-497.55 = 146.40) 19000CE
1 Jun 2020 (Mon),-500,12:12,-20.65 (19985.05-19964.40),1207.00 (377.65-317.3 = -60.35) 19800PE,-1723.00 (299.35-385.5 = 86.15) 20200CE
2 Jun 2020 (Tue),2399,14:30,243.50 (20144.65-20388.15),3499.00 (341.25-166.3 = -174.95) 19900PE,-1100.00 (278.1-333.1 = 55.00) 20300CE
3 Jun 2020 (Wed),-500,09:51,278.60 (21210.70-21489.30),-1636.00 (236.75-318.55 = 81.80) 21000PE,1024.00 (174.3-123.1 = -51.20) 21400CE
4 Jun 2020 (Thu),-500,09:58,-595.40 (21067.85-20472.45),-1855.00 (122.75-215.5 = 92.75) 20900PE,1267.00 (117.15-53.8 = -63.35) 21300CE
,,,,,
Date,Profit,Exit Time,Spot Change,(1) BN Sell 1 Lot ATM-200 PE,(2) BN Sell 1 Lot ATM+200 CE
5 Jun 2020 (Fri),-500,10:51,59.75 (20746.45-20806.20),-2800.00 (481-621 = 140.00) 20500PE,2293.00 (501.25-386.6 = -114.65) 20900CE
8 Jun 2020 (Mon),-500,09:53,-633.40 (21723.80-21090.40),-1792.00 (412-501.6 = 89.60) 21500PE,1061.00 (402.3-349.25 = -53.05) 21900CE
9 Jun 2020 (Tue),-500,10:46,-250.80 (21119.75-20868.95),3214.00 (363.15-202.45 = -160.70) 20900PE,-3930.00 (348.7-545.2 = 196.50) 21300CE
10 Jun 2020 (Wed),-500,09:46,30.15 (20870.75-20900.90),-1409.00 (257-327.45 = 70.45) 20700PE,750.00 (210-172.5 = -37.50) 21100CE
11 Jun 2020 (Thu),-500,09:32,-427.40 (21008.65-20581.25),924.00 (126.15-79.95 = -46.20) 20800PE,-1699.00 (104-188.95 = 84.95) 21200CE
,,,,,
Date,Profit,Exit Time,Spot Change,(1) BN Sell 1 Lot ATM-200 PE,(2) BN Sell 1 Lot ATM+200 CE
12 Jun 2020 (Fri),2579,14:30,516.85 (19872.90-20389.75),6189.00 (639.45-330 = -309.45) 19700PE,-3610.00 (554.6-735.1 = 180.50) 20100CE
15 Jun 2020 (Mon),-500,10:34,-147.30 (20264.25-20116.95),-2813.00 (469-609.65 = 140.65) 20100PE,2294.00 (385.5-270.8 = -114.70) 20500CE
16 Jun 2020 (Tue),-500,09:36,-277.55 (20449.90-20172.35),109.00 (272.6-267.15 = -5.45) 20200PE,-621.00 (315.85-346.9 = 31.05) 20600CE
17 Jun 2020 (Wed),-500,09:33,325.10 (20119.85-20444.95),975.00 (321.2-272.45 = -48.75) 19900PE,-1644.00 (259.45-341.65 = 82.20) 20300CE
18 Jun 2020 (Thu),-500,10:16,702.80 (20132.95-20835.75),671.00 (94.75-61.2 = -33.55) 19900PE,-1179.00 (83.65-142.6 = 58.95) 20300CE
,,,,,
Date,Profit,Exit Time,Spot Change,(1) BN Sell 1 Lot ATM-200 PE,(2) BN Sell 1 Lot ATM+200 CE
19 Jun 2020 (Fri),1920,14:30,-23.90 (21186.85-21162.95),851.00 (485.35-442.8 = -42.55) 21000PE,1069.00 (423.75-370.3 = -53.45) 21400CE
22 Jun 2020 (Mon),-500,12:53,321.00 (21648.00-21969.00),2293.00 (377.05-262.4 = -114.65) 21400PE,-2819.00 (352-492.95 = 140.95) 21800CE
23 Jun 2020 (Tue),-500,09:55,131.60 (21904.30-22035.90),-2272.00 (334.4-448 = 113.60) 21700PE,1741.00 (303-215.95 = -87.05) 22100CE
24 Jun 2020 (Wed),-500,10:47,-515.40 (22290.35-21774.95),-1361.00 (258.4-326.45 = 68.05) 22100PE,853.00 (238.65-196 = -42.65) 22500CE
25 Jun 2020 (Thu),-500,09:34,550.20 (21039.95-21590.15),365.00 (115.8-97.55 = -18.25) 20800PE,-883.00 (123.05-167.2 = 44.15) 21200CE
,,,,,
Date,Profit,Exit Time,Spot Change,(1) BN Sell 1 Lot ATM-200 PE,(2) BN Sell 1 Lot ATM+200 CE
26 Jun 2020 (Fri),-500,09:47,-176.70 (21741.60-21564.90),-1599.00 (522.9-602.85 = 79.95) 21500PE,1076.00 (472.6-418.8 = -53.80) 21900CE
29 Jun 2020 (Mon),2345,14:30,66.35 (21171.55-21237.90),1964.00 (444.45-346.25 = -98.20) 21000PE,381.00 (345.9-326.85 = -19.05) 21400CE
30 Jun 2020 (Tue),-500,12:42,-337.25 (21595.55-21258.30),-2374.00 (326.05-444.75 = 118.70) 21400PE,1816.00 (291.9-201.1 = -90.80) 21800CE
1 Jul 2020 (Wed),-500,12:08,480.40 (21423.30-21903.70),2437.00 (225.15-103.3 = -121.85) 21200PE,-2996.00 (221.75-371.55 = 149.80) 21600CE
2 Jul 2020 (Thu),-500,10:19,-8.45 (22204.35-22195.90),-1420.00 (73.4-144.4 = 71.00) 22000PE,671.00 (91.95-58.4 = -33.55) 22400CE
,,,,,
Date,Profit,Exit Time,Spot Change,(1) BN Sell 1 Lot ATM-200 PE,(2) BN Sell 1 Lot ATM+200 CE
3 Jul 2020 (Fri),1933,14:30,-170.45 (22019.70-21849.25),-521.00 (368.05-394.1 = 26.05) 21800PE,2454.00 (407.7-285 = -122.70) 22200CE
6 Jul 2020 (Mon),1263,14:30,-23.70 (22264.15-22240.45),640.00 (296-264 = -32.00) 22100PE,623.00 (263-231.85 = -31.15) 22500CE
7 Jul 2020 (Tue),-500,12:21,478.45 (22109.05-22587.50),1615.00 (227.75-147 = -80.75) 21900PE,-2478.00 (220.1-344 = 123.90) 22300CE
8 Jul 2020 (Wed),1099,14:30,225.10 (22788.55-23013.65),2722.00 (214-77.9 = -136.10) 22600PE,-1623.00 (165.35-246.5 = 81.15) 23000CE
9 Jul 2020 (Thu),2614,14:30,32.40 (22755.00-22787.40),1748.00 (100.1-12.7 = -87.40) 22600PE,866.00 (51.3-8 = -43.30) 23000CE
,,,,,
Date,Profit,Exit Time,Spot Change,(1) BN Sell 1 Lot ATM-200 PE,(2) BN Sell 1 Lot ATM+200 CE
10 Jul 2020 (Fri),-500,12:17,-376.35 (22756.60-22380.25),-3746.00 (354.05-541.35 = 187.30) 22600PE,2100.00 (300-195 = -105.00) 23000CE
13 Jul 2020 (Mon),-500,11:07,-504.90 (22549.20-22044.30),-2732.00 (226.7-363.3 = 136.60) 22300PE,2002.00 (320.1-220 = -100.10) 22700CE
14 Jul 2020 (Tue),-500,10:55,-368.50 (21688.55-21320.05),-2079.00 (202.05-306 = 103.95) 21500PE,1434.00 (262.15-190.45 = -71.70) 21900CE
15 Jul 2020 (Wed),2454,14:30,-38.70 (21605.10-21566.40),1187.00 (201.3-141.95 = -59.35) 21400PE,1267.00 (182.95-119.6 = -63.35) 21800CE
16 Jul 2020 (Thu),-500,09:47,404.10 (21069.30-21473.40),873.00 (73.3-29.65 = -43.65) 20900PE,-1442.00 (58.45-130.55 = 72.10) 21300CE
,,,,,
Date,Profit,Exit Time,Spot Change,(1) BN Sell 1 Lot ATM-200 PE,(2) BN Sell 1 Lot ATM+200 CE
17 Jul 2020 (Fri),704,14:30,-80.55 (21772.95-21692.40),-223.00 (348.85-360 = 11.15) 21600PE,927.00 (316-269.65 = -46.35) 22000CE
20 Jul 2020 (Mon),1012,14:30,-59.40 (22442.60-22383.20),619.00 (313.85-282.9 = -30.95) 22200PE,393.00 (269.65-250 = -19.65) 22600CE
21 Jul 2020 (Tue),823,14:30,41.15 (22711.50-22752.65),1302.00 (237.45-172.35 = -65.10) 22500PE,-479.00 (213.65-237.6 = 23.95) 22900CE
22 Jul 2020 (Wed),-500,09:35,-95.25 (22877.65-22782.40),-2044.00 (192.65-294.85 = 102.20) 22700PE,845.00 (140.85-98.6 = -42.25) 23100CE
23 Jul 2020 (Thu),1934,14:30,144.10 (22871.45-23015.55),1529.00 (80.75-4.3 = -76.45) 22700PE,405.00 (47.35-27.1 = -20.25) 23100CE
,,,,,
Date,Profit,Exit Time,Spot Change,(1) BN Sell 1 Lot ATM-200 PE,(2) BN Sell 1 Lot ATM+200 CE
24 Jul 2020 (Fri),-500,10:39,-42.70 (22765.10-22722.40),-1797.50 (362.9-434.8 = 71.90) 22600PE,1256.25 (285.05-234.8 = -50.25) 23000CE
27 Jul 2020 (Mon),-500,14:20,-308.05 (22168.90-21860.85),-2838.75 (311.45-425 = 113.55) 22000PE,2172.50 (249.2-162.3 = -86.90) 22400CE
28 Jul 2020 (Tue),-500,10:10,69.70 (22028.55-22098.25),-3595.00 (219.55-363.35 = 143.80) 21800PE,2898.75 (248.5-132.55 = -115.95) 22200CE
29 Jul 2020 (Wed),1852,14:30,-91.55 (22214.25-22122.70),-126.25 (116.6-121.65 = 5.05) 22000PE,1978.75 (187.7-108.55 = -79.15) 22400CE
30 Jul 2020 (Thu),-500,13:08,-561.25 (22176.55-21615.30),-1701.25 (55.35-123.4 = 68.05) 22000PE,1153.75 (50.25-4.1 = -46.15) 22400CE
,,,,,
Date,Profit,Exit Time,Spot Change,(1) BN Sell 1 Lot ATM-200 PE,(2) BN Sell 1 Lot ATM+200 CE
31 Jul 2020 (Fri),-500,09:40,52.90 (21640.55-21693.45),1356.25 (347.9-293.65 = -54.25) 21400PE,-2315.00 (347.25-439.85 = 92.60) 21800CE
3 Aug 2020 (Mon),388,14:30,-237.05 (21365.70-21128.65),-1590.00 (283.3-346.9 = 63.60) 21200PE,1978.75 (254.8-175.65 = -79.15) 21600CE
4 Aug 2020 (Tue),-500,10:37,356.50 (21121.35-21477.85),2256.25 (191.45-101.2 = -90.25) 20900PE,-2782.50 (248-359.3 = 111.30) 21300CE
5 Aug 2020 (Wed),-500,09:34,-167.60 (21734.30-21566.70),558.75 (122.25-99.9 = -22.35) 21500PE,-1173.75 (144.85-191.8 = 46.95) 21900CE
6 Aug 2020 (Thu),-500,11:07,-23.40 (21570.55-21547.15),-1115.00 (116.7-161.3 = 44.60) 21400PE,253.75 (82.1-71.95 = -10.15) 21800CE
,,,,,
Date,Profit,Exit Time,Spot Change,(1) BN Sell 1 Lot ATM-200 PE,(2) BN Sell 1 Lot ATM+200 CE
7 Aug 2020 (Fri),831,14:30,244.05 (21514.95-21759.00),3440.00 (300.9-163.3 = -137.60) 21300PE,-2608.75 (283.4-387.75 = 104.35) 21700CE
10 Aug 2020 (Mon),-500,09:42,-117.70 (22011.10-21893.40),226.25 (224.4-215.35 = -9.05) 21800PE,-730.00 (230.8-260 = 29.20) 22200CE
11 Aug 2020 (Tue),1571,14:30,-39.65 (22229.95-22190.30),775.00 (160.55-129.55 = -31.00) 22000PE,796.25 (179.35-147.5 = -31.85) 22400CE
12 Aug 2020 (Wed),-500,09:42,183.75 (22112.60-22296.35),431.25 (105.85-88.6 = -17.25) 21900PE,-1005.00 (113.65-153.85 = 40.20) 22300CE
13 Aug 2020 (Thu),-500,11:40,-163.95 (22381.45-22217.50),-1263.75 (42.85-93.4 = 50.55) 22200PE,567.50 (32-9.3 = -22.70) 22600CE
,,,,,
Date,Profit,Exit Time,Spot Change,(1) BN Sell 1 Lot ATM-200 PE,(2) BN Sell 1 Lot ATM+200 CE
14 Aug 2020 (Fri),-500,13:38,-715.35 (22265.90-21550.55),-2195.00 (235-322.8 = 87.80) 22100PE,1690.00 (198.85-131.25 = -67.60) 22500CE
17 Aug 2020 (Mon),-500,09:38,-275.40 (21771.55-21496.15),-1815.00 (211.25-283.85 = 72.60) 21600PE,982.50 (183.45-144.15 = -39.30) 22000CE
18 Aug 2020 (Tue),-500,14:03,299.90 (21799.55-22099.45),2482.50 (170.35-71.05 = -99.30) 21600PE,-3691.25 (152.05-299.7 = 147.65) 22000CE
19 Aug 2020 (Wed),862,14:30,-10.40 (22348.40-22338.00),227.50 (88.7-79.6 = -9.10) 22100PE,635.00 (113.85-88.45 = -25.40) 22500CE
20 Aug 2020 (Thu),1697,14:30,-2.35 (21984.95-21982.60),943.75 (42.7-4.95 = -37.75) 21800PE,753.75 (33.05-2.9 = -30.15) 22200CE
,,,,,
Date,Profit,Exit Time,Spot Change,(1) BN Sell 1 Lot ATM-200 PE,(2) BN Sell 1 Lot ATM+200 CE
21 Aug 2020 (Fri),973,14:30,40.90 (22282.60-22323.50),993.75 (232.2-192.45 = -39.75) 22100PE,-20.00 (189-189.8 = 0.80) 22500CE
24 Aug 2020 (Mon),-500,11:45,288.30 (22591.95-22880.25),957.50 (165.75-127.45 = -38.30) 22400PE,-1470.00 (142.2-201 = 58.80) 22800CE
25 Aug 2020 (Tue),-500,10:40,-96.05 (23075.25-22979.20),-2183.75 (153.5-240.85 = 87.35) 22900PE,1482.50 (129.6-70.3 = -59.30) 23300CE
26 Aug 2020 (Wed),1573,14:30,30.25 (23246.95-23277.20),1353.75 (115.35-61.2 = -54.15) 23000PE,220.00 (103.3-94.5 = -8.80) 23400CE
27 Aug 2020 (Thu),1461,14:30,-33.55 (23639.35-23605.80),706.25 (31.65-3.4 = -28.25) 23400PE,755.00 (33.9-3.7 = -30.20) 23800CE
,,,,,
Date,Profit,Exit Time,Spot Change,(1) BN Sell 1 Lot ATM-200 PE,(2) BN Sell 1 Lot ATM+200 CE
28 Aug 2020 (Fri),-500,10:30,515.65 (23887.50-24403.15),1687.50 (264.5-197 = -67.50) 23700PE,-6097.50 (191.9-435.8 = 243.90) 24100CE
31 Aug 2020 (Mon),-500,11:12,-1169.60 (24827.10-23657.50),-5272.50 (339.1-550 = 210.90) 24600PE,4660.00 (356-169.6 = -186.40) 25000CE
1 Sep 2020 (Tue),-500,09:51,-393.45 (24074.00-23680.55),-2875.00 (368.55-483.55 = 115.00) 23900PE,2278.75 (341.15-250 = -91.15) 24300CE
2 Sep 2020 (Wed),3240,14:30,134.25 (23743.10-23877.35),3222.50 (197.65-68.75 = -128.90) 23500PE,17.50 (223-222.3 = -0.70) 23900CE
3 Sep 2020 (Thu),2010,14:30,-114.00 (23836.75-23722.75),601.25 (30.95-6.9 = -24.05) 23600PE,1408.75 (59.45-3.1 = -56.35) 24000CE
,,,,,
Date,Profit,Exit Time,Spot Change,(1) BN Sell 1 Lot ATM-200 PE,(2) BN Sell 1 Lot ATM+200 CE
4 Sep 2020 (Fri),2477,14:30,123.70 (22984.40-23108.10),3067.50 (391.7-269 = -122.70) 22800PE,-590.00 (342.5-366.1 = 23.60) 23200CE
7 Sep 2020 (Mon),-500,09:50,-16.45 (22933.05-22916.60),1501.25 (281.6-221.55 = -60.05) 22700PE,-2170.00 (275.2-362 = 86.80) 23100CE
8 Sep 2020 (Tue),1850,14:30,-9.55 (22899.60-22890.05),802.50 (215.15-183.05 = -32.10) 22700PE,1047.50 (212.1-170.2 = -41.90) 23100CE
9 Sep 2020 (Wed),-500,09:50,-341.35 (22479.95-22138.60),-1250.00 (122.9-172.9 = 50.00) 22300PE,597.50 (127.25-103.35 = -23.90) 22700CE
10 Sep 2020 (Thu),-500,13:26,-108.65 (22508.75-22400.10),-1016.25 (28.8-69.45 = 40.65) 22300PE,496.25 (22.25-2.4 = -19.85) 22700CE
,,,,,
Date,Profit,Exit Time,Spot Change,(1) BN Sell 1 Lot ATM-200 PE,(2) BN Sell 1 Lot ATM+200 CE
11 Sep 2020 (Fri),-500,09:39,-291.65 (22584.10-22292.45),-1800.00 (250-322 = 72.00) 22400PE,1028.75 (242.6-201.45 = -41.15) 22800CE
14 Sep 2020 (Mon),-500,09:34,-574.35 (22669.30-22094.95),-1273.75 (196.55-247.5 = 50.95) 22500PE,541.25 (215.6-193.95 = -21.65) 22900CE
15 Sep 2020 (Tue),1045,14:30,146.70 (22176.30-22323.00),2306.25 (218-125.75 = -92.25) 22000PE,-1261.25 (215.5-265.95 = 50.45) 22400CE
16 Sep 2020 (Wed),-500,11:47,235.35 (22419.65-22655.00),-1596.25 (119.25-183.1 = 63.85) 22200PE,1052.50 (144.35-102.25 = -42.10) 22600CE
17 Sep 2020 (Thu),-500,10:40,85.85 (22340.10-22425.95),496.25 (30.05-10.2 = -19.85) 22100PE,-1205.00 (51.7-99.9 = 48.20) 22500CE
,,,,,
Date,Profit,Exit Time,Spot Change,(1) BN Sell 1 Lot ATM-200 PE,(2) BN Sell 1 Lot ATM+200 CE
18 Sep 2020 (Fri),-500,10:41,-400.60 (22386.15-21985.55),-888.75 (257.4-292.95 = 35.55) 22200PE,357.50 (271.8-257.5 = -14.30) 22600CE
21 Sep 2020 (Mon),-500,09:40,-467.65 (21972.30-21504.65),-927.50 (234.5-271.6 = 37.10) 21800PE,345.00 (221.3-207.5 = -13.80) 22200CE
22 Sep 2020 (Tue),-500,09:34,-194.55 (21255.35-21060.80),-1232.50 (237.7-287 = 49.30) 21100PE,611.25 (210.7-186.25 = -24.45) 21500CE
23 Sep 2020 (Wed),-500,13:41,-158.10 (21240.85-21082.75),-2896.25 (105.1-220.95 = 115.85) 21000PE,2367.50 (142-47.3 = -94.70) 21400CE
24 Sep 2020 (Thu),-500,14:02,-147.75 (20857.75-20710.00),-1523.75 (51.95-112.9 = 60.95) 20700PE,881.25 (36.6-1.35 = -35.25) 21100CE
,,,,,
Date,Profit,Exit Time,Spot Change,(1) BN Sell 1 Lot ATM-200 PE,(2) BN Sell 1 Lot ATM+200 CE
25 Sep 2020 (Fri),-220,14:30,426.60 (20552.95-20979.55),4483.75 (347.25-167.9 = -179.35) 20400PE,-4703.75 (292.25-480.4 = 188.15) 20800CE
28 Sep 2020 (Mon),-500,09:33,397.75 (21207.25-21605.00),1028.75 (243.85-202.7 = -41.15) 21000PE,-1597.50 (215.5-279.4 = 63.90) 21400CE
29 Sep 2020 (Tue),-500,09:36,-116.70 (21650.60-21533.90),-2181.25 (193.8-281.05 = 87.25) 21500PE,1075.00 (171.2-128.2 = -43.00) 21900CE
30 Sep 2020 (Wed),-500,10:29,268.75 (21191.05-21459.80),1416.25 (110-53.35 = -56.65) 21000PE,-2715.00 (100.4-209 = 108.60) 21400CE
1 Oct 2020 (Thu),-500,14:12,312.75 (21911.20-22223.95),1286.25 (52.7-1.25 = -51.45) 21700PE,-1926.25 (35.45-112.5 = 77.05) 22100CE
